{"cameraMode":{"drawMode":0,"name":"Shaded","section":"Shading Mode"},"sceneLighting":true,"audioPlay":false,"sceneViewState":{"showFog":true,"showMaterialUpdate":false,"showSkybox":true,"showFlares":true,"showImageEffects":true,"showParticleSystems":true},"in2DMode":false,"pivot":{"x":-3.310342788696289,"y":3.0907154083251955,"z":10.667060852050782},"rotation":{"x":0.19804120063781739,"y":0.28910011053085329,"z":-0.061256494373083118,"w":0.9345987439155579},"size":9.12024974822998,"orthographic":false}